{
    "res": {
        "fis-conf.js": {
            "uri": "/config/fis-conf.js",
            "type": "js"
        },
        "components/css/base.css": {
            "uri": "/vendor/components/css/base.css",
            "type": "css",
            "pkg": "p0"
        },
        "components/css/main.css": {
            "uri": "/vendor/components/css/main.css",
            "type": "css",
            "pkg": "p0"
        },
        "components/iconfont/iconfont.css": {
            "uri": "/vendor/components/iconfont/iconfont.css",
            "type": "css",
            "pkg": "p0"
        },
        "components/js/chart.js": {
            "uri": "/vendor/components/js/chart.js",
            "type": "js",
            "pkg": "p1"
        },
        "components/js/init.js": {
            "uri": "/vendor/components/js/init.js",
            "type": "js",
            "pkg": "p1"
        },
        "server/author.css": {
            "uri": "/config/author.css",
            "type": "css",
            "pkg": "p0"
        },
        "server/author.js": {
            "uri": "/config/author.js",
            "type": "js",
            "pkg": "p1"
        },
        "bower_components/bootstrap/dist/css/bootstrap.css": {
            "uri": "/vendor/bootstrap/css/bootstrap.css",
            "type": "css",
            "extras": {}
        },
        "bower_components/bootstrap/dist/css/bootstrap.min.css": {
            "uri": "/vendor/bootstrap/css/bootstrap.min.css",
            "type": "css",
            "extras": {},
            "pkg": "p2"
        },
        "bower_components/bootstrap/dist/js/bootstrap.js": {
            "uri": "/vendor/bootstrap/js/bootstrap.js",
            "type": "js",
            "pkg": "p3"
        },
        "bower_components/bootstrap/dist/js/bootstrap.min.js": {
            "uri": "/vendor/bootstrap/js/bootstrap.min.js",
            "type": "js"
        },
        "bower_components/fullpage.js/dist/jquery.fullpage.css": {
            "uri": "/vendor/bootstrap/jquery.fullpage.css",
            "type": "css"
        },
        "bower_components/fullpage.js/dist/jquery.fullpage.js": {
            "uri": "/vendor/bootstrap/jquery.fullpage.js",
            "type": "js",
            "pkg": "p3"
        },
        "bower_components/fullpage.js/dist/jquery.fullpage.min.css": {
            "uri": "/vendor/bootstrap/jquery.fullpage.min.css",
            "type": "css",
            "extras": {},
            "pkg": "p2"
        },
        "bower_components/fullpage.js/dist/jquery.fullpage.min.js": {
            "uri": "/vendor/bootstrap/jquery.fullpage.min.js",
            "type": "js",
            "extras": {}
        },
        "bower_components/jquery/dist/jquery.js": {
            "uri": "/vendor/bootstrap/jquery.js",
            "type": "js",
            "pkg": "p3"
        },
        "bower_components/jquery/dist/jquery.min.js": {
            "uri": "/vendor/bootstrap/jquery.min.js",
            "type": "js"
        },
        "bower_components/echarts/dist/echarts.js": {
            "uri": "/vendor/bootstrap/echarts.js",
            "type": "js",
            "pkg": "p3"
        },
        "bower_components/echarts/dist/echarts.min.js": {
            "uri": "/vendor/bootstrap/echarts.min.js",
            "type": "js"
        }
    },
    "pkg": {
        "p0": {
            "uri": "./static/index.c3745c9.css",
            "type": "css",
            "has": [
                "server/author.css",
                "components/iconfont/iconfont.css",
                "components/css/main.css",
                "components/css/base.css"
            ]
        },
        "p1": {
            "uri": "./static/index.beea75a.js",
            "type": "js",
            "has": [
                "server/author.js",
                "components/js/chart.js",
                "components/js/init.js"
            ]
        },
        "p2": {
            "uri": "./static/yhtml5.4ade803.css",
            "type": "css",
            "has": [
                "bower_components/bootstrap/dist/css/bootstrap.min.css",
                "bower_components/fullpage.js/dist/jquery.fullpage.min.css"
            ]
        },
        "p3": {
            "uri": "./static/yhtml5.10c77a6.js",
            "type": "js",
            "has": [
                "bower_components/jquery/dist/jquery.js",
                "bower_components/fullpage.js/dist/jquery.fullpage.js",
                "bower_components/bootstrap/dist/js/bootstrap.js",
                "bower_components/echarts/dist/echarts.js"
            ]
        }
    }
}